,Genus_species,Class,Order,Family,Genus,epithet,Species,Notes,Level_of_identification,Original_names_1,Original_names_2,Original_names_3
1,Abrhexosa_grossa,Insecta,Diptera,Scatopsidae,Abrhexosa,grossa,Abrhexosa grossa,NA,Species,Abrhexosa grossa,NA,NA
2,Acnemia_comata,Insecta,Diptera,Mycetophilidae,Acnemia,comata,Acnemia comata,NA,Species,Acnemia comata,NA,NA
3,Acnemia_sp,Insecta,Diptera,Mycetophilidae,Acnemia,NA,Acnemia,NA,Genus,Acnemia sp.,NA,NA
4,Aenigmatias_sp,Insecta,Diptera,Phoridae,Aenigmatias,NA,Aenigmatias,NA,Genus,Aenigmatias,NA,NA
5,Agapostemon_sp,Insecta,Diptera,Halictidae,Agapostemon,NA,Agapostemon,NA,Genus,Agapostemon sp.,NA,NA
6,Agelenidae,Arachnida,Araneae,Agelenidae,NA,NA,NA,NA,Family,Agelenidae,NA,NA
7,Agelenopsis_aperta,Arachnida,Araneae,Agelenidae,Agelenopsis,aperta,Agelenopsis aperta,NA,Species,Agelenopsis aperta,NA,NA
8,Agraulis_vanillae,Insecta,Lepidoptera,Nymphalidae,Agraulis,vanillae,Agraulis vanillae,NA,Species,Agraulis vanillae,NA,NA
9,Allograpta_exotica,Insecta,Diptera,Syrphidae,Allograpta,exotica,Allograpta exotica,NA,Species,Allograpta exotica,NA,NA
10,Allograpta_obliqua,Insecta,Diptera,Syrphidae,Allograpta,obliqua,Allograpta obliqua,NA,Species,Allograpta obliqua,NA,NA
11,Amaurobiidae,Arachnida,Araneae,Amaurobiidae,NA,NA,NA,NA,Family,Amaurobiidae,NA,NA
12,Amiota_picta,Insecta,Diptera,Drosophilidae,Amiota,picta,Amiota picta,NA,Species,Amiota picta,NA,NA
13,Andrena_sp,Insecta,Hymenoptera,Andrenidae,Andrena,NA,Andrena,NA,Genus,Andrena sp.,NA,NA
14,Anevrina_sp,Insecta,Diptera,Phoridae,Anevrina,NA,Anevrina,NA,Genus,Anevrina,Anevrina sp,NA
15,Anevrina_variabilis,Insecta,Diptera,Phoridae,Anevrina,variabilis,Anevrina variabilis,NA,Species,Anevrina variabilis,NA,NA
16,Anthidium_sp,Insecta,Hymenoptera,Megachilidae,Anthidium,NA,Anthidium,NA,Genus,Anthidium sp.,NA,NA
17,Anthophora_californica,Insecta,Hymenoptera,Apidae,Anthophora,californica,Anthophora californica,NA,Species,Anthophora californica,NA,NA
18,Anthophora_sp,Insecta,Hymenoptera,Apidae,Anthophora,NA,Anthophora,NA,Genus,Anthophora sp.,NA,NA
19,Anthophora_urbana,Insecta,Hymenoptera,Apidae,Anthophora,urbana,Anthophora urbana,NA,Species,Anthophora urbana,NA,NA
20,Anyphaena_californica,Arachnida,Araneae,Anyphaenidae,Anyphaena,californica,Anyphaena californica,NA,Species,A. californica,NA,NA
21,Anyphaenidae,Arachnida,Araneae,Anyphaenidae,NA,NA,NA,NA,Family,Anyphaenidae,NA,NA
22,Apis_mellifera,Insecta,Hymenoptera,Apidae,Apis,mellifera,Apis mellifera,NA,Species,Apis mellifera,NA,NA
23,Apocephalus_aquilonius,Insecta,Diptera,Phoridae,Apocephalus,aquilonius,Apocephalus aquilonius,NA,Species,Apocephalus aquilonius,NA,NA
24,Apocephalus_grandipalpis_group,Insecta,Diptera,Phoridae,Apocephalus,NA,Apocephalus,NA,Genus,Apo grandipalpis group,Apocephalus grandipalpis group,NA
25,Araneae,Arachnida,Araneae,NA,NA,NA,NA,NA,Order,Unidentified Spider,NA,NA
26,Araneidae,Arachnida,Araneae,Araneidae,NA,NA,NA,NA,Family,Araneidae,NA,NA
27,Araneus_sp,Arachnida,Araneae,Araneidae,Araneus,NA,Araneus,NA,Genus,Araneus sp.,NA,NA
28,Ashmeadiella_sp,Insecta,Hymenoptera,Megachilidae,Ashmeadiella,NA,Ashmeadiella,NA,Genus,Ashmeadiella sp.,NA,NA
29,Autographa_californica,Insecta,Lepidoptera,Noctuidae,Autographa,californica,Autographa californica,NA,Species,Autographa californica,NA,NA
30,Aztecatopse_sp_nov,Insecta,Diptera,Scatopsidae,Aztecatopse,NA,Aztecatopse,NA,Genus,Aztecatopse sp.nov.,NA,NA
31,Badumna_longiqua,Arachnida,Araneae,Desidae,Badumna,longiqua,Badumna longiqua,NA,Species,Badumna longiqua,NA,NA
32,"Beckerina_""brown""_sp_2",Insecta,Diptera,Phoridae,Beckerina,sp1,Beckerina sp1,NA,Morphospecies,Beckerina  brown (sp2),NA,NA
33,"Beckerina_""yellow""_sp_1",Insecta,Diptera,Phoridae,Beckerina,sp2,Beckerina sp2,NA,Morphospecies,Beckerina yellow (sp1),NA,NA
34,Beckerina_sp_1,Insecta,Diptera,Phoridae,Beckerina,sp1,Beckerina sp1,NA,Morphospecies,Beckerina sp. 1,NA,NA
35,Beckerina_sp_2,Insecta,Diptera,Phoridae,Beckerina,sp2,Beckerina sp2,NA,Morphospecies,Beckerina sp. 2,NA,NA
36,"Boletina_""BioSCAN""_sp_1",Insecta,Diptera,Mycetophilidae,Boletina,sp1,Boletina sp1,NA,Morphospecies,Boletina BioSCAN sp. 1,NA,NA
37,"Bolineura_""BioSCAN""_sp_1",NA,NA,NA,NA,NA,NA,NA,NA,Bolineura BioSCAN sp. 1,NA,NA
38,Brephidium_exile,Insecta,Lepidoptera,Lycaenidae,Brephidium,exile,Brephidium exile,NA,Species,Brephidium exile,NA,NA
39,Calliopsis_sp,Insecta,Hymenoptera,Andrenidae,Calliopsis,NA,Calliopsis,NA,Genus,Calliopsis sp.,NA,NA
40,Castianeira_athena,Arachnida,Araneae,Corinnidae,Castianeira,athena,Castianeira athena,NA,Species,Castianeira athena,NA,NA
41,Castianeira_sp,Arachnida,Araneae,Corinnidae,Castianeira,NA,Castianeira,NA,Genus,Castianeira sp.,NA,NA
42,Ceratina_sp,Insecta,Hymenoptera,Apidae,Ceratina,NA,Ceratina,NA,Genus,Ceratina sp.,NA,NA
43,Cheiracanthium_mildei,Arachnida,Araneae,Cheiracanthiidae,Cheiracanthium,mildei,Cheiracanthium mildei,NA,Species,Cheiracanthium mildei,NA,NA
44,Cheiracanthium_sp,Arachnida,Araneae,Cheiracanthiidae,Cheiracanthium,NA,Cheiracanthium,NA,Genus,Cheiracanthium,NA,NA
45,Chelostoma_sp,Insecta,Hymenoptera,Megachilidae,Chelostoma,NA,Chelostoma,NA,Genus,Chelostoma sp.,NA,NA
46,Chonocephalus_bentacaisei,Insecta,Diptera,Phoridae,Chonocephalus,bentacaisei,Chonocephalus bentacaisei,NA,Species,Chonocephalus bentacaisei,NA,NA
47,Chrysotoxum_sp,Insecta,Diptera,Syrphidae,Chrysotoxum,NA,Chrysotoxum,NA,Genus,Chrysotoxum sp.,NA,NA
48,Chymomyza_amoena,Insecta,Diptera,Drosophilidae,Chymomyza,amoena,Chymomyza amoena,NA,Species,Chymomyza amoena,NA,NA
49,Cladochaeta_sp,Insecta,Diptera,Drosophilidae,Cladochaeta,NA,Cladochaeta,NA,Genus,Cladochaeta sp.,NA,NA
50,Cladochaeta_sturtevanti,Insecta,Diptera,Drosophilidae,Cladochaeta,sturtevanti,Cladochaeta sturtevanti,NA,Species,Cladochaeta sturtevanti,NA,NA
51,Clubiona_abbotti,Arachnida,Araneae,Clubionidae,Clubiona,abbotti,Clubiona abbotti,NA,Species,Clubiona abbotti abbotti,NA,NA
52,Clubiona_pomoa,Arachnida,Araneae,Clubionidae,Clubiona,pomoa,Clubiona pomoa,NA,Species,Clubiona pomoa,NA,NA
53,Clubionidae,Arachnida,Araneae,Clubionidae,NA,NA,NA,NA,Family,Clubionidae,NA,NA
54,Coboldia_fuscipes,Insecta,Diptera,Scatopsidae,Coboldia,fuscipes,Coboldia fuscipes,NA,Species,Coboldia fuscipes,NA,NA
55,Coelioxys_sp,Insecta,Hymenoptera,Megachilidae,Coelioxys,NA,Coelioxys,NA,Genus,Coelioxys sp.,NA,NA
56,"Coelosia_""BioSCAN""_sp_1",Insecta,Diptera,Mycetophilidae,Coelosia,sp1,Coelosia sp1,NA,Morphospecies,Coelosia BioSCAN sp. 1,NA,NA
57,Coelosia_sp,Insecta,Diptera,Mycetophilidae,Coelosia,NA,Coelosia,NA,Genus,Coelosia sp.,NA,NA
58,Colias_eurytheme,Insecta,Lepidoptera,Pieridae,Colias,eurytheme,Colias eurytheme,NA,Species,Colias eurytheme,NA,NA
59,Colletes_sp,Insecta,Hymenoptera,Colletidae,Colletes,NA,Colletes,NA,Genus,Colletes sp.,NA,NA
60,Conanthalictus_sp,Insecta,Hymenoptera,Halictidae,Conanthalictus,NA,Conanthalictus,NA,Genus,Conanthalictus,NA,NA
61,Conicera_aldrichi,Insecta,Diptera,Phoridae,Conicera,aldrichi,Conicera aldrichi,NA,Species,Conicera aldrichi,NA,NA
62,Conicera_similis,Insecta,Diptera,Phoridae,Conicera,similis,Conicera similis,NA,Species,Conicera similis,NA,NA
63,Conicera_tibialis,Insecta,Diptera,Phoridae,Conicera,tibialis,Conicera tibialis,NA,Species,Conicera tibialis,Conicera tibialis (verified),NA
64,Copestylum_apiciferum,Insecta,Diptera,Syrphidae,Copestylum,apiciferum,Copestylum apiciferum,NA,Species,Copestylum apiciferum,NA,NA
65,Copestylum_fraudulentum,Insecta,Diptera,Syrphidae,Copestylum,fraudulentum,Copestylum fraudulentum,NA,Species,Copestylum fraudulentum,NA,NA
66,Copestylum_haagi,Insecta,Diptera,Syrphidae,Copestylum,haagi,Copestylum haagi,NA,Species,Copestylum haagi,NA,NA
67,Copestylum_marginatum,Insecta,Diptera,Syrphidae,Copestylum,marginatum,Copestylum marginatum,NA,Species,Copestylum marginatum,NA,NA
68,Copestylum_mexicanum,Insecta,Diptera,Syrphidae,Copestylum,mexicanum,Copestylum mexicanum,NA,Species,Copestylum mexicanum,NA,NA
69,Copestylum_satur,Insecta,Diptera,Syrphidae,Copestylum,satur,Copestylum satur,NA,Species,Copestylum satur,NA,NA
70,"Cordyla_""BioSCAN""_sp_1",Insecta,Diptera,Mycetophilidae,Cordyla,sp1,Cordyla sp1,NA,Morphospecies,Cordyla BioSCAN sp. 1,NA,NA
71,"Cordyla_""BioSCAN""_sp_2",Insecta,Diptera,Mycetophilidae,Cordyla,sp2,Cordyla sp2,NA,Morphospecies,Cordyla BioSCAN sp. 2,NA,NA
72,"Cordyla_""BioSCAN""_sp_3",Insecta,Diptera,Mycetophilidae,Cordyla,sp3,Cordyla sp3,NA,Morphospecies,Cordyla BioSCAN sp. 3,NA,NA
73,"Cordyla_""BioSCAN""_sp_4",Insecta,Diptera,Mycetophilidae,Cordyla,sp4,Cordyla sp4,NA,Morphospecies,Cordyla BioSCAN sp. 4,NA,NA
74,Cordyla_sp,Insecta,Diptera,Mycetophilidae,Cordyla,NA,Cordyla,NA,Genus,Cordyla sp.,NA,NA
75,Corinnidae,Arachnida,Araneae,Corinnidae,NA,NA,NA,NA,Family,Corinnidae,NA,NA
76,Cyclosa_turbinata,Arachnida,Araneae,Araneidae,Cyclosa,turbinata,Cyclosa turbinata,NA,Species,Cyclosa turbinata,NA,NA
77,Danaus_plexippus,Insecta,Lepidoptera,Nymphalidae,Danaus,plexippus,Danaus plexippus,NA,Species,Danaus plexippus,NA,NA
78,Diadasia_sp,Insecta,Hymenoptera,Apidae,Diadasia,NA,Diadasia,NA,Genus,Diadasia sp.,NA,NA
79,Dichorda_illustraria,Insecta,Lepidoptera,Geometridae,Dichorda,illustraria,Dichorda illustraria,NA,Species,Dichorda illustraria,NA,NA
80,Dicranoptycha_occideantalis,Insecta,Diptera,Limoniidae,Dicranoptycha,occideantalis,Dicranoptycha occideantalis,NA,Species,Dicranoptycha occideantalis,NA,NA
81,Dictyna_abundans,Arachnida,Araneae,Dictynidae,Dictyna,abundans,Dictyna abundans,NA,Species,Dictyna abundans,NA,NA
82,Dictyna_agressa,Arachnida,Araneae,Dictynidae,Dictyna,agressa,Dictyna agressa,NA,Species,Dictyna agressa,NA,NA
83,Dictyna_calcarata,Arachnida,Araneae,Dictynidae,Dictyna,calcarata,Dictyna calcarata,NA,Species,Dictyna calcarata,NA,NA
84,Dictynidae,Arachnida,Araneae,Dictynidae,NA,NA,NA,NA,Family,Dictynidae,NA,NA
85,Dioprosopa_clavata,Insecta,Diptera,Syrphidae,Dioprosopa,clavata,Dioprosopa clavata,NA,Species,Dioprosopa clavata,NA,NA
86,Diplonevra_setigera,Insecta,Diptera,Phoridae,Diplonevra,setigera,Diplonevra setigera,NA,Species,Diplonevra setigera,NA,NA
87,Diplonevra_sp,Insecta,Diptera,Phoridae,Diplonevra,NA,Diplonevra,NA,Genus,Diplonevra,NA,NA
88,"Docosia_""BioSCAN""_sp_1",Insecta,Diptera,Mycetophilidae,Docosia,sp1,Docosia sp1,NA,Morphospecies,Docosia BioSCAN sp. 1,NA,NA
89,"Docosia_""BioSCAN""_sp_3",Insecta,Diptera,Mycetophilidae,Docosia,sp3,Docosia sp3,NA,Morphospecies,Docosia BioSCAN sp. 3,NA,NA
90,Docosia_sp,Insecta,Diptera,Mycetophilidae,Docosia,NA,Docosia,NA,Genus,Docosia sp.,NA,NA
91,Dohrniphora_cornuta,Insecta,Diptera,Phoridae,Dohrniphora,cornuta,Dohrniphora cornuta,NA,Species,Dohrniphora cornuta,NA,NA
92,Doufourea_sp,Insecta,Hymenoptera,Halictidae,Doufourea,NA,Doufourea,NA,Genus,Doufourea sp.,NA,NA
93,Drosophila_?tranversa,Insecta,Diptera,Drosophilidae,Drosophila,NA,Drosophila,NA,Genus,Drosophila tranversa (?),NA,NA
94,Drosophila_azteca,Insecta,Diptera,Drosophilidae,Drosophila,azteca,Drosophila azteca,NA,Species,Drosophila azteca,NA,NA
95,Drosophila_busckii,Insecta,Diptera,Drosophilidae,Drosophila,busckii,Drosophila busckii,NA,Species,Drosophila busckii,NA,NA
96,Drosophila_flavohirta,Insecta,Diptera,Drosophilidae,Drosophila,flavohirta,Drosophila flavohirta,NA,Species,Drosophila flavohirta,NA,NA
97,Drosophila_gentica,Insecta,Diptera,Drosophilidae,Drosophila,gentica,Drosophila gentica,NA,Species,Drosophila gentica,NA,NA
98,Drosophila_immigrans,Insecta,Diptera,Drosophilidae,Drosophila,immigrans,Drosophila immigrans,NA,Species,Drosophila immigrans,NA,NA
99,Drosophila_melanogaster,Insecta,Diptera,Drosophilidae,Drosophila,melanogaster,Drosophila melanogaster,NA,Species,Drosophila melanogaster,Drosophila melanogaster- male,NA
100,Drosophila_melanogaster_group,Insecta,Diptera,Drosophilidae,Drosophila,NA,Drosophila,NA,Genus,Drosophila mel/sim female,NA,NA
101,Drosophila_obscura_group,Insecta,Diptera,Drosophilidae,Drosophila,NA,Drosophila,NA,Genus,Drosophila obscura group,NA,NA
102,Drosophila_occidentalis,Insecta,Diptera,Drosophilidae,Drosophila,occidentalis,Drosophila occidentalis,NA,Species,Drosophila occidentalis,NA,NA
103,Drosophila_pseudoobscura,Insecta,Diptera,Drosophilidae,Drosophila,pseudoobscura,Drosophila pseudoobscura,NA,Species,Drosophila pseudoobscura,NA,NA
104,Drosophila_repleta_group,Insecta,Diptera,Drosophilidae,Drosophila,NA,Drosophila,NA,Genus,Drosophila repleta group,Repleta group,NA
105,Drosophila_simulans,Insecta,Diptera,Drosophilidae,Drosophila,simulans,Drosophila simulans,NA,Species,Drosophila simulans,Drosophila simulans-male,NA
106,Drosophila_suzukii,Insecta,Diptera,Drosophilidae,Drosophila,suzukii,Drosophila suzukii,NA,Species,Drosophila suzukii,NA,NA
107,Drosophilidae,Insecta,Diptera,Drosophilidae,NA,NA,NA,NA,Family,Unknown Drosophilid,NA,NA
108,Drosphila_sp,Insecta,Diptera,Drosophilidae,Drosophila,NA,Drosophila,NA,Genus,Unknown Drosophila,NA,NA
109,Dysdera_crocata,Arachnida,Araneae,Dysderidae,Dysdera,crocata,Dysdera crocata,NA,Species,Dysdera crocata,NA,NA
110,Epicypta_sp,Insecta,Diptera,Mycetophilidae,Epicypta,NA,Epicypta,NA,Genus,Epicypta,NA,NA
111,Erigone_dentosa,Arachnida,Araneae,Linyphiidae,Erigone,dentosa,Erigone dentosa,NA,Species,Erigone dentosa,NA,NA
112,Eriophora_edax,Arachnida,Diptera,Limoniidae,Eriophora,edax,Eriophora edax,NA,Species,Eriophora edax,NA,NA
113,Erioptera_(Mesocyphona)_distincta,Arachnida,Diptera,Limoniidae,Erioptera,distincta,Erioptera distincta,NA,Species,Erioptera (Mesocyphona) distincta,NA,NA
114,Erioptera_(Mesocyphona)_sp,Arachnida,Diptera,Limoniidae,Erioptera,NA,Erioptera,NA,Genus,Erioptera (Mesocyphona),NA,NA
115,Erioptera_(Trimicra)_pilipes,Arachnida,Diptera,Limoniidae,Erioptera,pilipes,Erioptera pilipes,NA,Species,Erioptera (Trimicera) pilipes,Erioptera (Trimicra) pilipes,NA
116,Erioptera_caliptera,Arachnida,Diptera,Limoniidae,Erioptera,caliptera,Erioptera caliptera,NA,Species,Erioptera caliptera caliptera,NA,NA
117,Erioptera_cana,Arachnida,Diptera,Limoniidae,Erioptera,cana,Erioptera cana,NA,Species,Erioptera cana,NA,NA
118,Eris_militaris,Arachnida,Araneae,Salticidae,Eris,militaris,Eris militaris,NA,Species,Eris militaris,NA,NA
119,Eristalis_stipator,Insecta,Diptera,Syrphidae,Eristalis,stipator,Eristalis stipator,NA,Species,Eristalis stipator,NA,NA
120,Erynnis_funeralis,Insecta,Lepidoptera,Hesperiidae,Erynnis,funeralis,Erynnis funeralis,NA,Species,Erynnis funeralis,NA,NA
121,Eucera_sp,Insecta,Hymenoptera,Apidae,Eucera,NA,Eucera,NA,Genus,Eucera sp.,NA,NA
122,Eumerus_funeralis,Insecta,Diptera,Syrphidae,Eumerus,funeralis,Eumerus funeralis,NA,Species,Eumerus funeralis,NA,NA
123,Eumerus_narcissa,Insecta,Diptera,Syrphidae,Eumerus,narcissa,Eumerus narcissa,NA,Species,Eumerus narcissa,NA,NA
124,Eupeodes_fumipennis,Insecta,Diptera,Syrphidae,Eupeodes,fumipennis,Eupeodes fumipennis,NA,Species,Eupeodes fumipennis,NA,NA
125,Eupeodes_fumipennis/pomus_group,Insecta,Diptera,Syrphidae,Eupeodes,NA,Eupeodes,NA,Genus,E. fumipennis/ pomus,Eumerus fumipennis/ pomus,Eumerus fumipennis/pomus
126,Eupeodes_luniger,Insecta,Diptera,Syrphidae,Eupeodes,luniger,Eupeodes luniger,NA,Species,Eupeodes luniger,NA,NA
127,Eupeodes_pomus,Insecta,Diptera,Syrphidae,Eupeodes,pomus,Eupeodes pomus,NA,Species,Eupeodes pomus,NA,NA
128,Eupeodes_volucris,Insecta,Diptera,Syrphidae,Eupeodes,volucris,Eupeodes volucris,NA,Species,Eupeodes volucris,NA,NA
129,Exechia_cincinnata,Insecta,Diptera,Mycetophilidae,Exechia,cincinnata,Exechia cincinnata,NA,Species,Exechia cincinnata,NA,NA
130,Exechia_sp,Insecta,Diptera,Mycetophilidae,Exechia,NA,Exechia,NA,Genus,Exechia sp.,NA,NA
131,Falconina_gracilis,Arachnida,Araneae,Corinnidae,Falconina,gracilis,Falconina gracilis,NA,Species,Falconina gracilis,NA,NA
132,Fazia_micrura,Insecta,Diptera,Syrphidae,Fazia,micrura,Fazia micrura,NA,Species,Fazia micrura,NA,NA
133,Gitona_americana,Insecta,Diptera,Drosophilidae,Gitona,americana,Gitona americana,NA,Species,Gitona americana,NA,NA
134,Gitona_bivisualis,Insecta,Diptera,Drosophilidae,Gitona,bivisualis,Gitona bivisualis,NA,Species,Gitona bivisualis,NA,NA
135,Gnaphosidae,Arachnida,Araneae,Gnaphosidae,NA,NA,NA,NA,Family,Gnaphosidae,NA,NA
136,"Grzegorzekia_""BioSCAN""_sp_1",Insecta,Diptera,Mycetophilidae,Grzegorzekia,sp1,Grzegorzekia sp1,NA,Morphospecies,Grzegorzekia BioSCAN sp. 1,NA,NA
137,Gymnophora_sp,Insecta,Diptera,Phoridae,Gymnophora,NA,Gymnophora,NA,Genus,Gymnophora,NA,NA
138,Habronattus_schlingeri,Arachnida,Araneae,Salticidae,Habronattus,schlingeri,Habronattus schlingeri,NA,Species,H. schlingeri,NA,NA
139,Habronattus_sp,Arachnida,Araneae,Salticidae,Habronattus,NA,Habronattus,NA,Genus,Habronattus sp.,NA,NA
140,"Hadroneura_""BioSCAN""_sp_1",Insecta,Diptera,Mycetophilidae,Hadroneura,sp1,Hadroneura sp1,NA,Morphospecies,Hadroneura BioSCAN sp. 1,NA,NA
141,"Hadroneura_""BioSCAN""_sp_2",Insecta,Diptera,Mycetophilidae,Hadroneura,sp2,Hadroneura sp2,NA,Morphospecies,Hadroneura BioSCAN sp. 2,NA,NA
142,Hadroneura_sp,Insecta,Diptera,Mycetophilidae,Hadroneura,NA,Hadroneura,NA,Genus,Hadroneura sp.,NA,NA
143,Hadroneura_spp,Insecta,Diptera,Mycetophilidae,Hadroneura,NA,Hadroneura,NA,Genus,Hadroneura spp.,NA,NA
144,Halictus_ligatus,Insecta,Hymenoptera,Halictidae,Halictus,ligatus,Halictus ligatus,NA,Species,Halictus ligatus,NA,NA
145,Halictus_tripartitus,Insecta,Hymenoptera,Halictidae,Halictus,tripartitus,Halictus tripartitus,NA,Species,Halictus tripartitus,NA,NA
146,Hamataliwa_sp,Arachnida,Araneae,Oxyopidae,Hamataliwa,NA,Hamataliwa,NA,Genus,Hamataliwa sp.,NA,NA
147,Heriades_sp,Insecta,Hymenoptera,Megachilidae,Heriades,NA,Heriades,NA,Genus,Heriades sp.,NA,NA
148,Heringia_sp,Insecta,Diptera,Syrphidae,Heringia,NA,Heringia,NA,Genus,Heringia sp.,NA,NA
149,Herpyllus_propinquus,Arachnida,Araneae,Gnaphosidae,Herpyllus,propinquus,Herpyllus propinquus,NA,Species,Herpyllus propinquus,NA,NA
150,Hibana_incursa,Arachnida,Araneae,Anyphaenidae,Hibana,incursa,Hibana incursa,NA,Species,Hibana incursa,NA,NA
151,Holocnemus_pluchei,Arachnida,Araneae,Pholcidae,Holocnemus,pluchei,Holocnemus pluchei,NA,Species,Holocnemus pluchei,NA,NA
152,Hololena_curta,Arachnida,Araneae,Agelenidae,Hololena,curta,Hololena curta,NA,Species,Hololena curta,NA,NA
153,Hoplitus_sp,Insecta,Hymenoptera,Megachilidae,Hoplitus,NA,Hoplitus,NA,Genus,Hoplitus,NA,NA
154,Hylaeus_sp,Insecta,Hymenoptera,Colletidae,Hylaeus,NA,Hylaeus,NA,Genus,Hylaeus sp.,NA,NA
155,Hylephila_phyleus,Insecta,Lepidoptera,Hesperiidae,Hylephila,phyleus,Hylephila phyleus,NA,Species,Hylephila phyleus,NA,NA
156,Hyles_lineata,Insecta,Lepidoptera,Sphingidae,Hyles,lineata,Hyles lineata,NA,Species,Hyles lineata,NA,NA
157,Lasioglossum_(Dialictus)_sp,Insecta,Hymenoptera,Halictidae,Lasioglossum,NA,Lasioglossum,NA,Genus,Lasioglossum (Dialictus) sp.,NA,NA
158,Lasioglossum_(Evylaeus)_kincaidii,Insecta,Hymenoptera,Halictidae,Lasioglossum,kincaidii,Lasioglossum kincaidii,NA,Species,Lasioglossum  (Evylaeus kincaidii),NA,NA
159,Lasioglossum_(Evylaeus)_sp,Insecta,Hymenoptera,Halictidae,Lasioglossum,NA,Lasioglossum,NA,Genus,Lasioglossum (Evylaeus) sp.,NA,NA
160,Lasioglossum_ovaliceps,Insecta,Hymenoptera,Halictidae,Lasioglossum,ovaliceps,Lasioglossum ovaliceps,NA,Species,Lasioglossum ovaliceps,NA,NA
161,Lasioglossum_sp,Insecta,Hymenoptera,Halictidae,Lasioglossum,NA,Lasioglossum,NA,Genus,Lasioglossum sp.,NA,NA
162,Latrodectus_geometricus,Arachnida,Araneae,Theridiidae,Latrodectus,geometricus,Latrodectus geometricus,NA,Species,Latrodectus geometricus,NA,NA
163,Latrodectus_hesperus,Arachnida,Araneae,Theridiidae,Latrodectus,hesperus,Latrodectus hesperus,NA,Species,Latrodectus hesperus,NA,NA
164,Leia_dryas,Insecta,Diptera,Mycetophilidae,Leia,dryas,Leia dryas,NA,Species,Leia dryas,NA,NA
165,Leia_varia,Insecta,Diptera,Mycetophilidae,Leia,varia,Leia varia,NA,Species,Leia varia,NA,NA
166,Leptotes_marina,Insecta,Lepidoptera,Lycaenidae,Leptotes,marina,Leptotes marina,NA,Species,Leptotes marina,NA,NA
167,Lerodea_eufala,Insecta,Lepidoptera,Hesperiidae,Lerodea,eufala,Lerodea eufala,NA,Species,Lerodea eufala,NA,NA
168,Limonia_(Dicanomyia)_brevivena,Insecta,Diptera,Limoniidae,Limonia,brevivena,Limonia brevivena,NA,Species,Limonia (Dicanomyia) brevivena,NA,NA
169,Limonia_(Dicranomyia)_brevivena,Insecta,Diptera,Limoniidae,Limonia,brevivena,Limonia brevivena,NA,Species,Limonia (Dicranomyia) brevivena,NA,NA
170,Limonia_(Geranomyia)_guatemalensis,Insecta,Diptera,Limoniidae,Limonia,guatemalensis,Limonia guatemalensis,NA,Species,Limonia (Geranomyia) guatemalensis,NA,NA
171,Limonia_domestica,Insecta,Diptera,Limoniidae,Limonia,domestica,Limonia domestica,NA,Species,Limonia domestica,NA,NA
172,Limonia_guatemalensis,Insecta,Diptera,Limoniidae,Limonia,guatemalensis,Limonia guatemalensis,NA,Species,Limonia guatemalensis,NA,NA
173,Limonia_humidicola,Insecta,Diptera,Limoniidae,Limonia,humidicola,Limonia humidicola,NA,Species,Limonia humidicola,NA,NA
174,Linyphiidae,Arachnida,Araneae,Linyphiidae,NA,NA,NA,NA,Family,Linyphiidae,NA,NA
175,Lycosidae,Arachnida,Araneae,Lycosidae,NA,NA,NA,NA,Family,Lycosidae,NA,NA
176,Manduca_sexta,Insecta,Lepidoptera,Sphingidae,Manduca,sexta,Manduca sexta,NA,Species,Manduca sexta,NA,NA
177,Mastophora_sp,Arachnida,Araneae,Araneidae,Mastophora,NA,Mastophora,NA,Genus,Mastophora sp.,NA,NA
178,Megachile_heriades,Insecta,Hymenoptera,Megachilidae,Megachile,heriades,Megachile heriades,NA,Species,Megachile heriades,NA,NA
179,Megachile_sp,Insecta,Hymenoptera,Megachilidae,Megachile,NA,Megachile,NA,Genus,Megachile sp.,NA,NA
180,Megalographa_biloba,Insecta,Lepidoptera,Noctuidae,Megalographa,biloba,Megalographa biloba,NA,Species,Megalographa biloba,NA,NA
181,Megaselia_?modesta,Insecta,Diptera,Phoridae,Megaselia,modesta,Megaselia modesta,NA,Species,M. modesta?,NA,NA
182,"Megaselia_""BB_unknown_1""_sp",Insecta,Diptera,Phoridae,Megaselia,sp1,Megaselia sp1,NA,Morphospecies,Megaselia BB unknown 1,NA,NA
183,"Megaselia_""BB_unknown_11""_sp",Insecta,Diptera,Phoridae,Megaselia,sp11,Megaselia sp11,NA,Morphospecies,Megaselia BB unknown 11,NA,NA
184,"Megaselia_""BB_unknown_5""_sp",Insecta,Diptera,Phoridae,Megaselia,sp5,Megaselia sp5,NA,Morphospecies,Megaselia BB unknown 5,NA,NA
185,"Megaselia_""BB_unknown_7""_sp",Insecta,Diptera,Phoridae,Megaselia,sp7,Megaselia sp7,NA,Morphospecies,Megaselia BB unknown 7,NA,NA
186,"Megaselia_""BB_unknown_8""_sp",Insecta,Diptera,Phoridae,Megaselia,sp8,Megaselia sp8,NA,Morphospecies,Megaselia BB unknown 8,NA,NA
187,"Megaselia_""Hairy_Lobe""_sp",Insecta,Diptera,Phoridae,Megaselia,spHL,Megaselia spHL,include species name?,Morphospecies,"Megaselia ""hairy lobe"" sp.",M. (hairy lobe),NA
188,"Megaselia_""Unknown""_sp",Insecta,Diptera,Phoridae,Megaselia,NA,Megaselia,include species name?,Genus,Megaselia unknown,NA,NA
189,Megaselia_agarici,Insecta,Diptera,Phoridae,Megaselia,agarici,Megaselia agarici,NA,Species,M. agarici,Megaselia agarici,NA
190,Megaselia_albicaudata,Insecta,Diptera,Phoridae,Megaselia,albicaudata,Megaselia albicaudata,NA,Species,M. albicaudata,Megaselia albicaudata,NA
191,Megaselia_arizonensis,Insecta,Diptera,Phoridae,Megaselia,arizonensis,Megaselia arizonensis,NA,Species,M. arizonensis,Megaselia arizonensis,NA
192,Megaselia_armstrongorum,Insecta,Diptera,Phoridae,Megaselia,armstrongorum,Megaselia armstrongorum,NA,Species,M. armstrongorum,Megaselia armstrongorum,NA
193,Megaselia_atrox,Insecta,Diptera,Phoridae,Megaselia,atrox,Megaselia atrox,NA,Species,M. atrox,Megaselia atrox,NA
194,Megaselia_baileyae,Insecta,Diptera,Phoridae,Megaselia,baileyae,Megaselia baileyae,NA,Species,M. baileyae,Megaselia baileyae,NA
195,Megaselia_barberi,Insecta,Diptera,Phoridae,Megaselia,barberi,Megaselia barberi,NA,Species,M. barberi,Megaselia barberi,NA
196,Megaselia_basispinata,Insecta,Diptera,Phoridae,Megaselia,basispinata,Megaselia basispinata,NA,Species,M. basispinata,Megaselia basispinata,NA
197,Megaselia_berndseni,Insecta,Diptera,Phoridae,Megaselia,berndseni,Megaselia berndseni,NA,Species,M. berndseni,Megaselia berndseni,NA
198,Megaselia_bradyi,Insecta,Diptera,Phoridae,Megaselia,bradyi,Megaselia bradyi,NA,Species,M. bradyi,NA,NA
199,Megaselia_brejchaorum,Insecta,Diptera,Phoridae,Megaselia,brejchaorum,Megaselia brejchaorum,NA,Species,M. brejchaorum,Megaselia brejchaorum,NA
200,Megaselia_carthayensis,Insecta,Diptera,Phoridae,Megaselia,carthayensis,Megaselia carthayensis,NA,Species,M. carthayensis,Megaselia carthayensis,NA
201,Megaselia_cavifemur,Insecta,Diptera,Phoridae,Megaselia,cavifemur,Megaselia cavifemur,NA,Species,M. cavifemur,NA,NA
202,Megaselia_ciancii,Insecta,Diptera,Phoridae,Megaselia,ciancii,Megaselia ciancii,NA,Species,M. ciancii,Megaselia ciancii,NA
203,Megaselia_creasoni,Insecta,Diptera,Phoridae,Megaselia,creasoni,Megaselia creasoni,NA,Species,M. creasoni,Megaselia creasoni,NA
204,Megaselia_defibaughorum,Insecta,Diptera,Phoridae,Megaselia,defibaughorum,Megaselia defibaughorum,NA,Species,M. defibaughorum,Megaselia defibaughorum,NA
205,Megaselia_donahuei,Insecta,Diptera,Phoridae,Megaselia,donahuei,Megaselia donahuei,NA,Species,M. donahuei,Megaselia donahuei,NA
206,Megaselia_francoae,Insecta,Diptera,Phoridae,Megaselia,francoae,Megaselia francoae,NA,Species,M. francoae,Megaselia francoae,NA
207,Megaselia_friedrichae,Insecta,Diptera,Phoridae,Megaselia,friedrichae,Megaselia friedrichae,NA,Species,M. friedrichae,Megaselia friedrichae,NA
208,Megaselia_fujiokai,Insecta,Diptera,Phoridae,Megaselia,fujiokai,Megaselia fujiokai,NA,Species,M. fujiokai,Megaselia fujiokai,NA
209,Megaselia_gaunlet,Insecta,Diptera,Phoridae,Megaselia,gaunlet,Megaselia gaunlet,NA,Species,Megaselia gaunlet,M. gaunlet,NA
210,Megaselia_glabrifrons,Insecta,Diptera,Phoridae,Megaselia,glabrifrons,Megaselia glabrifrons,NA,Species,M. glabrifrons,Megaselia glabrifrons,NA
211,Megaselia_globipyga,Insecta,Diptera,Phoridae,Megaselia,globipyga,Megaselia globipyga,NA,Species,M. globipyga,NA,NA
212,Megaselia_gonzalezorum,Insecta,Diptera,Phoridae,Megaselia,gonzalezorum,Megaselia gonzalezorum,NA,Species,M. gonzalezorum,Megaselia gonzalezorum,NA
213,Megaselia_halterata,Insecta,Diptera,Phoridae,Megaselia,halterata,Megaselia halterata,NA,Species,M. halterata,Megaselia halterata,NA
214,Megaselia_hansonix,Insecta,Diptera,Phoridae,Megaselia,hansonix,Megaselia hansonix,NA,Species,M. hansonix,Megaselia hansonix,NA
215,Megaselia_hardingorum,Insecta,Diptera,Phoridae,Megaselia,hardingorum,Megaselia hardingorum,NA,Species,M. hardingorum,Megaselia hardingorum,NA
216,Megaselia_heini,Insecta,Diptera,Phoridae,Megaselia,heini,Megaselia heini,NA,Species,M. heini,Megaselia heini,NA
217,Megaselia_hendersonae,Insecta,Diptera,Phoridae,Megaselia,hendersonae,Megaselia hendersonae,NA,Species,Megaselia hendersonae,NA,NA
218,Megaselia_hentschkeae,Insecta,Diptera,Phoridae,Megaselia,hentschkeae,Megaselia hentschkeae,NA,Species,M. hentschkeae,Megaselia hentschkeae,NA
219,Megaselia_hirticaudata,Insecta,Diptera,Phoridae,Megaselia,hirticaudata,Megaselia hirticaudata,NA,Species,M. hirticaudata,Megaselia hirticaudata,NA
220,Megaselia_hoffmanorum,Insecta,Diptera,Phoridae,Megaselia,hoffmanorum,Megaselia hoffmanorum,NA,Species,M. hoffmanorum,Megaselia hoffmanorum,NA
221,Megaselia_hoggorum,Insecta,Diptera,Phoridae,Megaselia,hoggorum,Megaselia hoggorum,NA,Species,M. hoggorum,Megaselia hoggorum,NA
222,Megaselia_hoguei,Insecta,Diptera,Phoridae,Megaselia,hoguei,Megaselia hoguei,NA,Species,M. hoguei,Megaselia hoguei,NA
223,Megaselia_ilca,Insecta,Diptera,Phoridae,Megaselia,ilca,Megaselia ilca,NA,Species,M. ilca,Megaselia ilca,NA
224,Megaselia_isaacmajorum,Insecta,Diptera,Phoridae,Megaselia,isaacmajorum,Megaselia isaacmajorum,NA,Species,M. isaacmajorum,Megaselia isaacmajorum,NA
225,Megaselia_joanneae,Insecta,Diptera,Phoridae,Megaselia,joanneae,Megaselia joanneae,NA,Species,M. joanneae,Megaselia joanneae,NA
226,Megaselia_kelleri,Insecta,Diptera,Phoridae,Megaselia,kelleri,Megaselia kelleri,NA,Species,M. kelleri,Megaselia kelleri,NA
227,Megaselia_largifrontalis,Insecta,Diptera,Phoridae,Megaselia,largifrontalis,Megaselia largifrontalis,NA,Species,M. largifrontalis,Megaselia largifrontalis,NA
228,Megaselia_lombardorum,Insecta,Diptera,Phoridae,Megaselia,lombardorum,Megaselia lombardorum,NA,Species,M. lombardorum,Megaselia lombardorum,NA
229,Megaselia_losangelensis,Insecta,Diptera,Phoridae,Megaselia,losangelensis,Megaselia losangelensis,NA,Species,M. losangelensis,M. losangelensis (dark/light),Megaselia losangelensis
230,Megaselia_marquezi,Insecta,Diptera,Phoridae,Megaselia,marquezi,Megaselia marquezi,NA,Species,M. marquezi,Megaselia marquezi,NA
231,Megaselia_mikejohnsoni,Insecta,Diptera,Phoridae,Megaselia,mikejohnsoni,Megaselia mikejohnsoni,NA,Species,M. mikejohnsoni,Megaselia mikejohnsoni,NA
232,Megaselia_minuta,Insecta,Diptera,Phoridae,Megaselia,minuta,Megaselia minuta,NA,Species,Megaselia minuta,NA,NA
233,Megaselia_modesta,Insecta,Diptera,Phoridae,Megaselia,modesta,Megaselia modesta,NA,Species,Megaselia modesta,NA,NA
234,Megaselia_nigra,Insecta,Diptera,Phoridae,Megaselia,nigra,Megaselia nigra,NA,Species,M. nigra,Megaselia nigra,NA
235,Megaselia_nigriceps,Insecta,Diptera,Phoridae,Megaselia,nigriceps,Megaselia nigriceps,NA,Species,"M. ""nigriceps""",Megaselia nigriceps,NA
236,Megaselia_oxboroughae,Insecta,Diptera,Phoridae,Megaselia,oxboroughae,Megaselia oxboroughae,NA,Species,M. oxboroughae,Megaselia oxboroughae,NA
237,Megaselia_phyllissunae,Insecta,Diptera,Phoridae,Megaselia,phyllissunae,Megaselia phyllissunae,NA,Species,M. phyllissunae,NA,NA
238,Megaselia_pisanoi,Insecta,Diptera,Phoridae,Megaselia,pisanoi,Megaselia pisanoi,NA,Species,M. pisanoi,Megaselia pisanoi,NA
239,Megaselia_pleuralis,Insecta,Diptera,Phoridae,Megaselia,pleuralis,Megaselia pleuralis,NA,Species,M. pleuralis,NA,NA
240,Megaselia_pongsaiae,Insecta,Diptera,Phoridae,Megaselia,pongsaiae,Megaselia pongsaiae,NA,Species,M. pongsaiae,Megaselia pongsaiae,NA
241,Megaselia_renwickorum,Insecta,Diptera,Phoridae,Megaselia,renwickorum,Megaselia renwickorum,NA,Species,M. renwickorum,Megaselia renwickorum,NA
242,Megaselia_risoria,Insecta,Diptera,Phoridae,Megaselia,risoria,Megaselia risoria,NA,Species,M. risoria,NA,NA
243,Megaselia_rodriguezorum,Insecta,Diptera,Phoridae,Megaselia,rodriguezorum,Megaselia rodriguezorum,NA,Species,M. rodriguezorum,Megaselia rodriguezorum,NA
244,Megaselia_ruficornis,Insecta,Diptera,Phoridae,Megaselia,ruficornis,Megaselia ruficornis,NA,Species,M. ruficornis,Megaselia ruficornis,NA
245,Megaselia_rufipes,Insecta,Diptera,Phoridae,Megaselia,rufipes,Megaselia rufipes,NA,Species,M. rufipes,Megaselia rufipes,NA
246,Megaselia_sacatelensis,Insecta,Diptera,Phoridae,Megaselia,sacatelensis,Megaselia sacatelensis,NA,Species,M. sacatelensis,Megaselia sacatelensis,NA
247,Megaselia_scalaris,Insecta,Diptera,Phoridae,Megaselia,scalaris,Megaselia scalaris,NA,Species,M. scalaris,Megaselia scalaris,NA
248,Megaselia_scutellaris,Insecta,Diptera,Phoridae,Megaselia,scutellaris,Megaselia scutellaris,NA,Species,M. scutellaris,Megaselia scutellaris,NA
249,Megaselia_seaverorum,Insecta,Diptera,Phoridae,Megaselia,seaverorum,Megaselia seaverorum,NA,Species,M. seaverorum,NA,NA
250,Megaselia_seticauda,Insecta,Diptera,Phoridae,Megaselia,seticauda,Megaselia seticauda,NA,Species,M. seticauda,NA,NA
251,Megaselia_shatesae,Insecta,Diptera,Phoridae,Megaselia,shatesae,Megaselia shatesae,NA,Species,M. shatesae,Megaselia shatesae,NA
252,Megaselia_sidneyae,Insecta,Diptera,Phoridae,Megaselia,sidneyae,Megaselia sidneyae,NA,Species,M. sidneyae,Megaselia sidneyae,NA
253,Megaselia_simunorum,Insecta,Diptera,Phoridae,Megaselia,simunorum,Megaselia simunorum,NA,Species,M. simunorum,Megaselia simunorum,NA
254,Megaselia_sordida,Insecta,Diptera,Phoridae,Megaselia,sordida,Megaselia sordida,NA,Species,M. sordida,Megaselia sordida,NA
255,Megaselia_spiniclasper,Insecta,Diptera,Phoridae,Megaselia,spiniclasper,Megaselia spiniclasper,NA,Morphospecies,Megaselia spiniclasper,NA,NA
256,Megaselia_spoon,Insecta,Diptera,Phoridae,Megaselia,spoon,Megaselia spoon,NA,Morphospecies,Megaselia spoon,M. spoon,NA
257,Megaselia_steptoeae,Insecta,Diptera,Phoridae,Megaselia,steptoeae,Megaselia steptoeae,NA,Species,M. steptoeae,Megaselia steptoeae,NA
258,Megaselia_stoakesi,Insecta,Diptera,Phoridae,Megaselia,stoakesi,Megaselia stoakesi,NA,Species,M. stoakesi,Megaselia stoakesi,NA
259,Megaselia_studentorum,Insecta,Diptera,Phoridae,Megaselia,studentorum,Megaselia studentorum,NA,Species,M. studentorum,Megaselia studentorum,NA
260,Megaselia_sulphurizona,Insecta,Diptera,Phoridae,Megaselia,sulphurizona,Megaselia sulphurizona,NA,Species,M. sulphurizona,Megaselia sulphurizona,NA
261,Megaselia_tecticauda,Insecta,Diptera,Phoridae,Megaselia,tecticauda,Megaselia tecticauda,NA,Species,M. tecticauda,Megaselia tecticauda,NA
262,Megaselia_voluntariorum,Insecta,Diptera,Phoridae,Megaselia,voluntariorum,Megaselia voluntariorum,NA,Species,M. voluntariorum,Megaselia voluntariorum,NA
263,Megaselia_warreni,Insecta,Diptera,Phoridae,Megaselia,warreni,Megaselia warreni,NA,Species,M. warreni,Megaselia warreni,NA
264,Megaselia_wiegmanae,Insecta,Diptera,Phoridae,Megaselia,wiegmanae,Megaselia wiegmanae,NA,Species,M wiegmanae,Megaselia wiegmanae,NA
265,Megaselia_wongae,Insecta,Diptera,Phoridae,Megaselia,wongae,Megaselia wongae,NA,Species,M. wongae,Megaselia wongae,NA
266,Melanostoma_mellinum,Insecta,Diptera,Syrphidae,Melanostoma,mellinum,Melanostoma mellinum,NA,Species,Melanostoma mellinum,NA,NA
267,Melissodes_sp,Insecta,Hymenoptera,Apidae,Melissodes,NA,Melissodes,NA,Genus,Melissodes sp.,Mellisodes sp.,NA
268,Menozziola_sp,Insecta,Diptera,Phoridae,Menozziola,NA,Menozziola,NA,Genus,Menozziola sp,NA,NA
269,Meriola_decepta,Arachnida,Araneae,Trachelidae,Meriola,decepta,Meriola decepta,NA,Species,Meriola decepta,NA,NA
270,Meriola_sp,Arachnida,Araneae,Trachelidae,Meriola,NA,Meriola,NA,Genus,Meriola sp.,NA,NA
271,Metaltella_simoni,Arachnida,Araneae,Desidae,Metaltella,simoni,Metaltella simoni,NA,Species,Metaltella simoni,NA,NA
272,Metepeira_arizonica,Arachnida,Araneae,Araneidae,Metepeira,arizonica,Metepeira arizonica,NA,Species,Metepeira arizonica,NA,NA
273,Metepeira_crassipes,Arachnida,Araneae,Araneidae,Metepeira,crassipes,Metepeira crassipes,NA,Species,Metepeira crassipes,NA,NA
274,Metepeira_grinnelli,Arachnida,Araneae,Araneidae,Metepeira,grinnelli,Metepeira grinnelli,NA,Species,Metepeira grinnelli,NA,NA
275,Metepeira_sp,Arachnida,Araneae,Araneidae,Metepeira,NA,Metepeira,NA,Genus,Metepeira sp.,NA,NA
276,Metepeira_ventura,Arachnida,Araneae,Araneidae,Metepeira,ventura,Metepeira ventura,NA,Species,Metepeira ventura,NA,NA
277,Metopina_group,Insecta,Diptera,Phoridae,NA,NA,NA,NA,Family,Metopina group,NA,NA
278,Metopina_sp,Insecta,Diptera,Phoridae,Metopina,NA,Metopina,NA,Genus,Metopina sp,Metopina sp.,NA
279,Mexigonus_sp,Arachnida,Araneae,Salticidae,Mexigonus,NA,Mexigonus,NA,Genus,Mexigonus sp.,NA,NA
280,Microselia_sp,Insecta,Diptera,Phoridae,Microselia,NA,Microselia,NA,Genus,Microselia sp,Microselia sp.,NA
281,Mimetidae,Arachnida,Araneae,Mimetidae,NA,NA,NA,NA,Family,Mimetidae,NA,NA
282,Misumena_vatia,Arachnida,Araneae,Thomisidae,Misumena,vatia,Misumena vatia,NA,Species,Misumena vatia,NA,NA
283,Misumenoides_formosipes,Arachnida,Araneae,Thomisidae,Misumenoides,formosipes,Misumenoides formosipes,NA,Species,Misumenoides formosipes,NA,NA
284,Misumenops_californicus,Arachnida,Araneae,Thomisidae,Misumenops,californicus,Misumenops californicus,NA,Species,Misumenops californicus,NA,NA
285,Miturgudae,Arachnida,Araneae,Miturgidae,NA,NA,NA,NA,Family,Miturgudae,NA,NA
286,"Mycetophila_""BioSCAN_A1""_sp",Insecta,Diptera,Mycetophilidae,Mycetophila,spA1,Mycetophila spA1,NA,Morphospecies,Mycetophila BioSCAN sp. A1,NA,NA
287,"Mycetophila_""BioSCAN_D1""_sp",Insecta,Diptera,Mycetophilidae,Mycetophila,spD1,Mycetophila spD1,NA,Morphospecies,Mycetophila BioSCAN sp. D1,NA,NA
288,Mycetophila_fungorum,Insecta,Diptera,Mycetophilidae,Mycetophila,fungorum,Mycetophila fungorum,NA,Species,Mycetophila fungorum,NA,NA
289,Mycetophila_sepulta,Insecta,Diptera,Mycetophilidae,Mycetophila,sepulta,Mycetophila sepulta,NA,Species,Mycetophila sepulta,NA,NA
290,Mycetophila_sp,Insecta,Diptera,Mycetophilidae,Mycetophila,NA,Mycetophila,NA,Genus,Mycetophila sp.,NA,NA
291,Mycetophila_spp,Insecta,Diptera,Mycetophilidae,Mycetophila,NA,Mycetophila,NA,Genus,Mycetophila spp.,NA,NA
292,"Mycomyma_""BioSCAN""_sp_1",Insecta,Diptera,Mycetophilidae,Mycomya,sp1,Mycomya sp1,NA,Morphospecies,Mycomyma BioSCAN sp. 1,NA,NA
293,"Mycomyma_""BioSCAN""_sp_2",Insecta,Diptera,Mycetophilidae,Mycomya,sp2,Mycomya sp2,NA,Morphospecies,Mycomyma BioSCAN sp. 2,NA,NA
294,Mycomyma_sp,Insecta,Diptera,Mycetophilidae,Mycomya,NA,Mycomya,NA,Genus,Mycomyma sp.,NA,NA
295,Myolepta_cornelia,Insecta,Diptera,Syrphidae,Myolepta,cornelia,Myolepta cornelia,NA,Species,Myolepta cornelia,NA,NA
296,Myriophora_aequaliseta,Insecta,Diptera,Phoridae,Myriophora,aequaliseta,Myriophora aequaliseta,NA,Species,Myriophora aequaliseta,NA,NA
297,Myriophora_alexandrae,Insecta,Diptera,Phoridae,Myriophora,alexandrae,Myriophora alexandrae,NA,Species,Myriophora alexandiae,Myriophora alexandrae,NA
298,Myriophora_sp,Insecta,Diptera,Phoridae,Myriophora,NA,Myriophora,NA,Genus,Myriophora sp,NA,NA
299,Nausigaster_unimaculata,Insecta,Diptera,Syrphidae,Nausigaster,unimaculata,Nausigaster unimaculata,NA,Species,Nausigaster unimaculata,NA,NA
300,Neoscona_crucifera,Arachnida,Araneae,Araneidae,Neoscona,crucifera,Neoscona crucifera,NA,Species,Neoscona crucifera,NA,NA
301,Nephrotoma_suturalis_wulpiana,Insecta,Diptera,Tipulidae,Nephrotoma,suturalis,Nephrotoma suturalis,NA,Species,Nephrotoma suturalis wulpiana,NA,NA
302,Noctua_pronuba,Insecta,Lepidoptera,Noctuidae,Noctua,pronuba,Noctua pronuba,NA,Species,Noctua pronuba,NA,NA
303,Nomada_sp,Insecta,Hymenoptera,Apidae,Nomada,NA,Nomada,NA,Genus,Nomada sp.,NA,NA
304,Ocrepeira_sp,Arachnida,Araneae,Araneidae,Ocrepeira,NA,Ocrepeira,NA,Genus,Ocrepeira sp.,NA,NA
305,Ocyptamus_lemur,Insecta,Diptera,Syrphidae,Ocyptamus,lemur,Ocyptamus lemur,NA,Species,Ocyptamus lemur,NA,NA
306,Oecobiidae,Arachnida,Araneae,Oecobiidae,NA,NA,NA,NA,Family,Oecobiidae,NA,NA
307,Oecobius_navus,Arachnida,Araneae,Oecobiidae,Oecobius,navus,Oecobius navus,NA,Species,Oecobius navus,NA,NA
308,Orthonevra_flukei,Insecta,Diptera,Syrphidae,Orthonevra,flukei,Orthonevra flukei,NA,Species,Orthonevra flukei,NA,NA
309,Osmia_sp,Insecta,Hymenoptera,Megachilidae,Osmia,NA,Osmia,NA,Genus,Osmia sp.,NA,NA
310,Oxyopes_salticus,Arachnida,Araneae,Oxyopidae,Oxyopes,salticus,Oxyopes salticus,NA,Species,Oxyopes salticus,NA,NA
311,Oxyopidae,Arachnida,Araneae,Oxyopidae,NA,NA,NA,NA,Family,Oxyopidae,NA,NA
312,Oxyopus_scalaris,Arachnida,Araneae,Oxyopidae,Oxyopus,scalaris,Oxyopus scalaris,NA,Species,Oxyopus scalaris,NA,NA
313,Palpada_mexicana,Insecta,Diptera,Syrphidae,Palpada,mexicana,Palpada mexicana,NA,Species,Palpada mexicana,NA,NA
314,Papilio_cresphontes,Insecta,Lepidoptera,Papilionidae,Papilio,cresphontes,Papilio cresphontes,NA,Species,Papilio cresphontes,NA,NA
315,Papilio_zelicaon,Insecta,Lepidoptera,Papilionidae,Papilio,zelicaon,Papilio zelicaon,NA,Species,Papilio zelicaon,NA,NA
316,Paragus_haemorrhous,Insecta,Diptera,Syrphidae,Paragus,haemorrhous,Paragus haemorrhous,NA,Species,Paragus haemorrhous,NA,NA
317,Parasteatoda_sp,Arachnida,Araneae,Theridiidae,Parasteatoda,NA,Parasteatoda,NA,Genus,Parasteatoda sp.,NA,NA
318,Parasteatoda_tepidariorum,Arachnida,Araneae,Theridiidae,Parasteatoda,tepidariorum,Parasteatoda tepidariorum,NA,Species,Parasteatoda tepidariorum,NA,NA
319,Pardosa_californica,Arachnida,Araneae,Lycosidae,Pardosa,californica,Pardosa californica,NA,Species,Pardosa californica,NA,NA
320,Pellenes_sp,Arachnida,Araneae,Salticidae,Pellenes,NA,Pellenes,NA,Genus,Pellenes,NA,NA
321,Perdita_sp,Insecta,Hymenoptera,Andrenidae,Perdita,NA,Perdita,NA,Genus,Perdita sp.,NA,NA
322,Pero_behrensaria,Insecta,Lepidoptera,Geometridae,Pero,behrensaria,Pero behrensaria,NA,Species,Pero behrensaria,NA,NA
323,Peucetia_sp,Arachnida,Araneae,Oxyopidae,Peucetia,NA,Peucetia,NA,Genus,Peucetia sp.,NA,NA
324,Phalacrotophora_halictorum,Insecta,Diptera,Phoridae,Phalacrotophora,halictorum,Phalacrotophora halictorum,NA,Species,Phalacrotophora halictorum,NA,NA
325,Phidipppus_adumbratus,Arachnida,Araneae,Salticidae,Phidippus,adumbratus,Phidippus adumbratus,NA,Species,Phidipppus adumbratus,NA,NA
326,Phidippus_audax,Arachnida,Araneae,Salticidae,Phidippus,audax,Phidippus audax,NA,Species,Phidippus audax,NA,NA
327,Phidippus_sp,Arachnida,Araneae,Salticidae,Phidippus,NA,Phidippus,NA,Genus,Phidippus,NA,NA
328,Philodromidae,Arachnida,Araneae,Philodromidae,NA,NA,NA,NA,Family,Philodromidae,NA,NA
329,Phoebis_sennae,Insecta,Lepidoptera,Pieridae,Phoebis,sennae,Phoebis sennae,NA,Species,Phoebis sennae,NA,NA
330,Pholcidae,Arachnida,Araneae,Pholcidae,NA,NA,NA,NA,Family,Pholcidae,NA,NA
331,Pholcus_phalangioides,Arachnida,Araneae,Pholcidae,Pholcus,phalangioides,Pholcus phalangioides,NA,Species,Pholcus phalangioides,NA,NA
332,"Phora_""BioSCAN""_sp",Insecta,Diptera,Phoridae,Phora,NA,Phora,NA,Genus,Phora UNK,NA,NA
333,Phora_americana,Insecta,Diptera,Phoridae,Phora,americana,Phora americana,NA,Species,Phora americana,NA,NA
334,Phora_coangustata,Insecta,Diptera,Phoridae,Phora,coangustata,Phora coangustata,NA,Species,Phora coangustata,NA,NA
335,Phora_cristipes,Insecta,Diptera,Phoridae,Phora,cristipes,Phora cristipes,NA,Species,Phora cristipes,NA,NA
336,Phora_sp,Insecta,Diptera,Phoridae,Phora,NA,Phora,NA,Genus,Phora sp,NA,NA
337,Phora_sp_1,Insecta,Diptera,Phoridae,Phora,sp1,Phora sp1,NA,Morphospecies,Phora sp 1,Phora sp1,NA
338,Phoridae,Insecta,Diptera,Phoridae,NA,NA,NA,NA,Family,UNKNOWN phorid,NA,NA
339,Phortica_sp,Insecta,Diptera,Drosophilidae,Phortica,NA,Phortica,NA,Genus,Phortica sp.,NA,NA
340,"Phronia_""BioSCAN""_sp_1",Insecta,Diptera,Mycetophilidae,Phronia,sp1,Phronia sp1,NA,Morphospecies,Phronia BioSAN sp. 1,NA,NA
341,Pieris_rapae,Insecta,Lepidoptera,Pieridae,Pieris,rapae,Pieris rapae,NA,Species,Pieris rapae,NA,NA
342,Platycheirus_confusus,Insecta,Diptera,Syrphidae,Platycheirus,confusus,Platycheirus confusus,NA,Species,Platycheirus confusus,NA,NA
343,Platycheirus_obscurus,Insecta,Diptera,Syrphidae,Platycheirus,obscurus,Platycheirus obscurus,NA,Species,Platycheirus obscurus,NA,NA
344,Plexippus_paykulli,Arachnida,Araneae,Salticidae,Plexippus,paykulli,Plexippus paykulli,NA,Species,Plexippus paykulli,NA,NA
345,Poanes_melane,Insecta,Lepidoptera,Hesperiidae,Poanes,melane,Poanes melane,NA,Species,Poanes melane,NA,NA
346,Pontia_protodice,Insecta,Lepidoptera,Pieridae,Pontia,protodice,Pontia protodice,NA,Species,Pontia protodice,NA,NA
347,Psectrosciara_sp_nov,Insecta,Diptera,Scatopsidae,Psectrosciara,sp1,Psectrosciara sp1,NA,Morphospecies,Psectrosciara sp.nov.,NA,NA
348,Pseudacteon_amuletum,Insecta,Diptera,Phoridae,Pseudacteon,amuletum,Pseudacteon amuletum,NA,Species,Pseudacteon amuletum,NA,NA
349,Pseudacteon_californiensis,Insecta,Diptera,Phoridae,Pseudacteon,californiensis,Pseudacteon californiensis,NA,Species,Pseudacteon californiensis,NA,NA
350,Pseudacteon_crawfordi,Insecta,Diptera,Phoridae,Pseudacteon,crawfordi,Pseudacteon crawfordi,NA,Species,Pseudacteon crawfordi,NA,NA
351,Pseudacteon_long_setae,Insecta,Diptera,Phoridae,Pseudacteon,NA,Pseudacteon,NA,Genus,Pseudacteon long setae,NA,NA
352,Pseudodoros_clavatus,Insecta,Diptera,Syrphidae,Pseudodoros,clavatus,Pseudodoros clavatus,NA,Species,Pseudodoros clavatus,NA,NA
353,Psilochorus_sp,Arachnida,Araneae,Pholcidae,Psilochorus,NA,Psilochorus,NA,Genus,Psilochorus,NA,NA
354,Puliciphora_occidentalis,Insecta,Diptera,Phoridae,Puliciphora,occidentalis,Puliciphora occidentalis,NA,Species,Puliciphora occidentalis,NA,NA
355,Puliciphora_sp,Insecta,Diptera,Phoridae,Puliciphora,NA,Puliciphora,NA,Genus,Puliciphora,Puliciphora sp,NA
356,Puliciphora_sp_2,Insecta,Diptera,Phoridae,Puliciphora,sp2,Puliciphora sp2,NA,Morphospecies,Puliciphora sp 2,NA,NA
357,Pyrgus_albescens,Insecta,Lepidoptera,Hesperiidae,Pyrgus,albescens,Pyrgus albescens,NA,Species,Pyrgus albescens,NA,NA
358,Quateiella_quatei,Insecta,Diptera,Scatopsidae,Quateiella,quatei,Quateiella quatei,NA,Species,Quateiella quatei,NA,NA
359,Reo_eutypus,Arachnida,Araneae,Mimetidae,Reo,eutypus,Reo eutypus,NA,Species,Reo eutypus,NA,NA
360,Rhinoleucophenga_americana,Insecta,Diptera,Drosophilidae,Rhinoleucophenga,americana,Rhinoleucophenga americana,NA,Species,Rhinoleucophenga americana,NA,NA
361,Rhinoleucophenga_bivisualis,Insecta,Diptera,Drosophilidae,Rhinoleucophenga,bivisualis,Rhinoleucophenga bivisualis,NA,Species,Rhinoleucophenga bivisualis,NA,NA
362,Salticidae,Arachnida,Araneae,Salticidae,NA,NA,NA,NA,Family,Salticidae,NA,NA
363,Scaeva_pyrastri,Insecta,Diptera,Syrphidae,Scaeva,pyrastri,Scaeva pyrastri,NA,Species,Scaeva pyrastri,NA,NA
364,Scaptomyza_adusta,Insecta,Diptera,Drosophilidae,Scaptomyza,adusta,Scaptomyza adusta,NA,Species,Scaptomyza adjusta,Scaptomyza adusta,NA
365,Scaptomyza_apicata,Insecta,Diptera,Drosophilidae,Scaptomyza,apicata,Scaptomyza apicata,NA,Species,Scaptomyza apicata,NA,NA
366,Scaptomyza_flava,Insecta,Diptera,Drosophilidae,Scaptomyza,flava,Scaptomyza flava,NA,Species,Scaptomyza flava,NA,NA
367,Scaptomyza_graminum,Insecta,Diptera,Drosophilidae,Scaptomyza,graminum,Scaptomyza graminum,NA,Species,Scaptomyza graminum,NA,NA
368,Scaptomyza_pallida,Insecta,Diptera,Drosophilidae,Scaptomyza,pallida,Scaptomyza pallida,NA,Species,Scaptomyza pallida,NA,NA
369,Scaptomyza_paradusta,Insecta,Diptera,Drosophilidae,Scaptomyza,paradusta,Scaptomyza paradusta,NA,Species,Scaptomyza paradusta,NA,NA
370,Scaptomyza_paravittata,Insecta,Diptera,Drosophilidae,Scaptomyza,paravittata,Scaptomyza paravittata,NA,Species,Scaptomyza paravittata,NA,NA
371,Scaptomyza_sp,Insecta,Diptera,Drosophilidae,Scaptomyza,NA,Scaptomyza,NA,Genus,Scaptomyza sp.,NA,NA
372,Scaptomyza_terminalis,Insecta,Diptera,Drosophilidae,Scaptomyza,terminalis,Scaptomyza terminalis,NA,Species,Scaptomyza terminalis,NA,NA
373,Scaptomyza_vittata,Insecta,Diptera,Drosophilidae,Scaptomyza,vittata,Scaptomyza vittata,NA,Species,Scaptomyza vittata,NA,NA
374,Scatopse_notata,Insecta,Diptera,Scatopsidae,Scatopse,notata,Scatopse notata,NA,Species,Scatopse notata,NA,NA
375,"Sciophila_""BioSCAN""_sp_1",Insecta,Diptera,Mycetophilidae,Sciophila,sp1,Sciophila sp1,NA,Morphospecies,Sciophila BioSCAN sp. 1,NA,NA
376,"Sciophila_""BioSCAN""_sp_2",Insecta,Diptera,Mycetophilidae,Sciophila,sp2,Sciophila sp2,NA,Morphospecies,Sciophila BioSCAN sp. 2,NA,NA
377,"Sciophila_""BioSCAN""_sp_3",Insecta,Diptera,Mycetophilidae,Sciophila,sp3,Sciophila sp3,NA,Morphospecies,Sciophila BioSCAN sp. 3,NA,NA
378,Sciophila_sp,Insecta,Diptera,Mycetophilidae,Sciophila,NA,Sciophila,NA,Genus,Sciophila sp.,NA,NA
379,Scotophaeus_blackwalli,Arachnida,Araneae,Gnaphosidae,Scotophaeus,blackwalli,Scotophaeus blackwalli,NA,Species,Scotophaeus blackwalli,NA,NA
380,Spaerophoira_contigua,Insecta,Diptera,Syrphidae,Sphaerophoria,contigua,Sphaerophoria contigua,NA,Species,Spaerophoira contigua,NA,NA
381,Spaerophoira_sulphuripes,Insecta,Diptera,Syrphidae,Sphaerophoria,sulphuripes,Sphaerophoria sulphuripes,NA,Species,Spaerophoira sulphuripes,NA,NA
382,Spaerophoria_contigua,Insecta,Diptera,Syrphidae,Sphaerophoria,contigua,Sphaerophoria contigua,NA,Species,Spaerophoria contigua,NA,NA
383,Spaerophoria_sulphuripes,Insecta,Diptera,Syrphidae,Sphaerophoria,sulphuripes,Sphaerophoria sulphuripes,NA,Species,Spaerophoria sulphuripes,NA,NA
384,Sparassidae,Arachnida,Araneae,Sparassidae,NA,NA,NA,NA,Family,Sparassidae,NA,NA
385,Sphecodes_sp,Insecta,Hymenoptera,Halictidae,Sphecodes,NA,Sphecodes,NA,Genus,Sphecodes sp.,NA,NA
386,Spiniphora_bergenstammi,Insecta,Diptera,Phoridae,Spiniphora,bergenstammii,Spiniphora bergenstammii,NA,Species,Spiniphora bergenstammi,NA,NA
387,Spiniphora_sp,Insecta,Diptera,Phoridae,Spiniphora,bergenstammii,Spiniphora bergenstammii,NA,Species,Spiniphora sp,NA,NA
388,Steatoda_grossa,Arachnida,Araneae,Theridiidae,Steatoda,grossa,Steatoda grossa,NA,Species,Steatoda grossa,NA,NA
389,Steatoda_nobilis,Arachnida,Araneae,Theridiidae,Steatoda,nobilis,Steatoda nobilis,NA,Species,Steatoda nobilis,NA,NA
390,Steatoda_sp,Arachnida,Araneae,Theridiidae,Steatoda,NA,Steatoda,NA,Genus,Steatoda sp.,NA,NA
391,Strymon_melinus,Insecta,Lepidoptera,Lycaenidae,Strymon,melinus,Strymon melinus,NA,Species,Strymon melinus,NA,NA
392,Swammerdamella_marginata,Insecta,Diptera,Scatopsidae,Swammerdamella,marginata,Swammerdamella marginata,NA,Species,Swammerdamella marginata,NA,NA
393,Syritta_pipiens,Insecta,Diptera,Syrphidae,Syritta,pipiens,Syritta pipiens,NA,Species,Syritta pipiens,NA,NA
394,Syrphus_opinator,Insecta,Diptera,Syrphidae,Syrphus,opinator,Syrphus opinator,NA,Species,Syrphus opinator,NA,NA
395,"Tarnania_""BioSCAN""_sp1",Insecta,Diptera,Mycetophilidae,Tarnania,sp1,Tarnania sp1,NA,Morphospecies,Tarnania BioSCAN sp.1,NA,NA
396,Tegenaria_sp,Arachnida,Araneae,Agelenidae,Tegenaria,NA,Tegenaria,NA,Genus,Tegenaria,NA,NA
397,Theridiidae,Arachnida,Araneae,Theridiidae,NA,NA,NA,NA,Family,Theridiidae,NA,NA
398,Theridion_goodnightorum,Arachnida,Araneae,Theridiidae,Theridion,goodnightorum,Theridion goodnightorum,NA,Species,Theridion goodnightorum,NA,NA
399,Theridion_melanurum,Arachnida,Araneae,Theridiidae,Theridion,melanurum,Theridion melanurum,NA,Species,Theridion melanurum,NA,NA
400,Theridion_murariium,Arachnida,Araneae,Theridiidae,Theridion,murariium,Theridion murariium,NA,Species,Theridion murariium,NA,NA
401,Theridion_positivum,Arachnida,Araneae,Theridiidae,Theridion,positivum,Theridion positivum,NA,Species,Theridion positivum,NA,NA
402,Theridion_punctipes,Arachnida,Araneae,Theridiidae,Theridion,punctipes,Theridion punctipes,NA,Species,Theridion punctipes,NA,NA
403,Theridion_sp,Arachnida,Araneae,Theridiidae,Theridion,NA,Theridion,NA,Genus,Theridion,NA,NA
404,Theridon_dilutum,Arachnida,Araneae,Theridiidae,Theridon,dilutum,Theridon dilutum,NA,Species,Theridon dilutum,NA,NA
405,Theridon_noemexicanum,Arachnida,Araneae,Theridiidae,Theridon,noemexicanum,Theridon noemexicanum,NA,Species,Theridon noemexicanum,NA,NA
406,Thiodina_hespera,Arachnida,Araneae,Salticidae,Thiodina,hespera,Thiodina hespera,NA,Species,Thiodina hespera,NA,NA
407,Thomisidae,Arachnida,Araneae,Thomisidae,NA,NA,NA,NA,Family,Thomisidae,NA,NA
408,Tibellus_sp,Arachnida,Araneae,Philodromidae,Tibellus,NA,Tibellus,NA,Genus,Tibellus sp.,NA,NA
409,Tidarren_haemorrhoidale,Arachnida,Araneae,Theridiidae,Tidarren,haemorrhoidale,Tidarren haemorrhoidale,NA,Species,Tidarren haemorrhoidale,NA,NA
410,Tidarren_sp,Arachnida,Araneae,Theridiidae,Tidarren,NA,Tidarren,NA,Genus,Tidarren,NA,NA
411,Tifarren_sisyphoides,Arachnida,Araneae,Theridiidae,Tidarren,sisyphoides,Tidarren sisyphoides,NA,Species,Tifarren sisyphoides,NA,NA
412,Tipula_(Lunatipula)_atrisumma,Insecta,Diptera,Tipulidae,Tipula,atrisumma,Tipula atrisumma,NA,Species,Tipula (Lunatipula) atrisumma,NA,NA
413,Tipula_(Tipula)_oleracea,Insecta,Diptera,Tipulidae,Tipula,oleracea,Tipula oleracea,NA,Species,Tipula (Tipula) oleracea,NA,NA
414,Tipula_(Trichotipula)_capistrano,Insecta,Diptera,Tipulidae,Tipula,capistrano,Tipula capistrano,NA,Species,Tipula (Trichotipula) capistrano,NA,NA
415,Tipula_(Triplicitipula)_planicornis,Insecta,Diptera,Tipulidae,Tipula,planicornis,Tipula planicornis,NA,Species,Tipula (Triplicitipula) planicornis,NA,NA
416,Tipula_(Triplicitipula)_praecisa,Insecta,Diptera,Tipulidae,Tipula,praecisa,Tipula praecisa,NA,Species,Tipula (Triplicitipula) praecisa,NA,NA
417,Tipula_aequalis,Insecta,Diptera,Tipulidae,Tipula,aequalis,Tipula aequalis,NA,Species,Tipula aequalis,NA,NA
418,Tipula_atrisumma,Insecta,Diptera,Tipulidae,Tipula,atrisumma,Tipula atrisumma,NA,Species,Tipula atrisumma,NA,NA
419,Tipula_beatula,Insecta,Diptera,Tipulidae,Tipula,beatula,Tipula beatula,NA,Species,Tipula beatula,NA,NA
420,Tipula_capistrano,Insecta,Diptera,Tipulidae,Tipula,capistrano,Tipula capistrano,NA,Species,Tipula capistrano,NA,NA
421,Tipula_doaneiana,Insecta,Diptera,Tipulidae,Tipula,doaneiana,Tipula doaneiana,NA,Species,Tipula doaneiana,NA,NA
422,Tipula_furialis,Insecta,Diptera,Tipulidae,Tipula,furialis,Tipula furialis,NA,Species,Tipula furialis,NA,NA
423,Tipula_megalodonta,Insecta,Diptera,Tipulidae,Tipula,megalodonta,Tipula megalodonta,NA,Species,Tipula megalodonta,NA,NA
424,Tipula_oleracea,Insecta,Diptera,Tipulidae,Tipula,oleracea,Tipula oleracea,NA,Species,Tipula oleracea,NA,NA
425,Tipula_perfidiosa,Insecta,Diptera,Tipulidae,Tipula,perfidiosa,Tipula perfidiosa,NA,Species,Tipula perfidiosa,NA,NA
426,Tipula_planicornis,Insecta,Diptera,Tipulidae,Tipula,planicornis,Tipula planicornis,NA,Species,Tipula planicornis,NA,NA
427,Tipula_praecisa,Insecta,Diptera,Tipulidae,Tipula,praecisa,Tipula praecisa,NA,Species,Tipula praecisa,NA,NA
428,Tipula_vitabilis,Insecta,Diptera,Tipulidae,Tipula,vitabilis,Tipula vitabilis,NA,Species,Tipula vitabilis,NA,NA
429,Toxomerus_marginatus,Insecta,Diptera,Syrphidae,Toxomerus,marginatus,Toxomerus marginatus,NA,Species,Toxomerus marginatus,NA,NA
430,Toxomerus_occidentalis,Insecta,Diptera,Syrphidae,Toxomerus,occidentalis,Toxomerus occidentalis,NA,Species,Toxomerus occidentalis,NA,NA
431,Trachelas_pacificus,Arachnida,Araneae,Trachelidae,Trachelas,pacificus,Trachelas pacificus,NA,Species,Trachelas pacificus,NA,NA
432,Trachelas_sp,Arachnida,Araneae,Trachelidae,Trachelas,NA,Trachelas,NA,Genus,Trachelas sp.,NA,NA
433,Trachyzelotes_barbatus,Arachnida,Araneae,Gnaphosidae,Trachyzelotes,barbatus,Trachyzelotes barbatus,NA,Species,Trachyzelotes barbatus,NA,NA
434,Trachyzelotes_lyonneti,Arachnida,Araneae,Gnaphosidae,Trachyzelotes,lyonneti,Trachyzelotes lyonneti,NA,Species,Trachyzelotes lyonneti,NA,NA
435,Trichoplusia_ni,Insecta,Lepidoptera,Noctuidae,Trichoplusia,ni,Trichoplusia ni,NA,Species,Trichoplusia ni,NA,NA
436,Trichopsomyia_sp,Insecta,Diptera,Syrphidae,Trichopsomyia,NA,Trichopsomyia,NA,Genus,Trichopsomyia sp.,NA,NA
437,Triphleba_sp,Insecta,Diptera,Phoridae,Triphleba,NA,Triphleba,NA,Genus,Triphleba,Triphleba sp,NA
438,Trophodeinus_arizonensis,Insecta,Diptera,Phoridae,Trophodeinus,arizonensis,Trophodeinus arizonensis,NA,Species,Trophodeinus arizonensis,NA,NA
439,Trophodeinus_furcatus,Insecta,Diptera,Phoridae,Trophodeinus,furcatus,Trophodeinus furcatus,NA,Species,Trophodeinus furcatus,NA,NA
440,Uloboridae,Arachnida,Araneae,Uloboridae,NA,NA,NA,NA,Family,Uloboridae,NA,NA
441,Uloborus_diversus,Arachnida,Araneae,Uloboridae,Uloborus,diversus,Uloborus diversus,NA,Species,Uloborus diversus,NA,NA
442,Urozelotes_rusticus,Arachnida,Araneae,Gnaphosidae,Urozelotes,rusticus,Urozelotes rusticus,NA,Species,Urozelotes rusticus,NA,NA
443,"Urytalpa_""BioSCAN""_sp_1",Insecta,Diptera,Keroplatidae,Urytalpa,sp1,Urytalpa sp1,NA,Morphospecies,Urytalpa BioSCAN sp. 1,NA,NA
444,"Urytalpa_""BioSCAN""_sp_2",Insecta,Diptera,Keroplatidae,Urytalpa,sp2,Urytalpa sp2,NA,Morphospecies,Urytalpa BioSCAN sp. 2,NA,NA
445,"Urytalpa_""BioSCAN""_sp_3",Insecta,Diptera,Keroplatidae,Urytalpa,sp3,Urytalpa sp3,NA,Morphospecies,Urytalpa BioSCAN sp. 3,NA,NA
446,"Urytalpa_""BioSCAN""_sp_4",Insecta,Diptera,Keroplatidae,Urytalpa,sp4,Urytalpa sp4,NA,Morphospecies,Urytalpa BioSCAN sp. 4,NA,NA
447,Veruanus_boreotis,Insecta,Diptera,Phoridae,Veruanus,boreotis,Veruanus boreotis,NA,Species,Veruanus boreotis,NA,NA
448,Xylocopa_tabaniformis,Insecta,Hymenoptera,Apidae,Xylocopa,tabaniformis,Xylocopa tabaniformis,NA,Species,Xylocopa tabaniformis,NA,NA
449,Yorima_angelica,Arachnida,Araneae,Cybaeidae,Yorima,angelica,Yorima angelica,NA,Species,Yorima angelica,NA,NA
450,Zaprionus_indianus,Insecta,Diptera,Drosophilidae,Zaprionus,indianus,Zaprionus indianus,NA,Species,Zaprionus indianus,NA,NA
451,Zelotes_nilicola,Arachnida,Araneae,Gnaphosidae,Zelotes,nilicola,Zelotes nilicola,NA,Species,Zelotes nilicola,NA,NA
452,Zygiella_x-notata,Arachnida,Araneae,Araneidae,Zygiella,x-notata,Zygiella x-notata,NA,Species,Zygiella x-notata,NA,NA
453,"Zygomyia_""BioSCAN""_sp_1",Insecta,Diptera,Mycetophilidae,Zygomyia,sp1,Zygomyia sp1,NA,Morphospecies,Zygomyia BioSCAN sp. 1,NA,NA
454,"Zygomyia_""BioSCAN""_sp_2",Insecta,Diptera,Mycetophilidae,Zygomyia,sp2,Zygomyia sp2,NA,Morphospecies,Zygomyia BioSCAN sp. 2,NA,NA
455,Zygomyia_sp,Insecta,Diptera,Mycetophilidae,Zygomyia,NA,Zygomyia,NA,Genus,Zygomyia sp.,NA,NA